File,METEOR,ROUGE-1,ROUGE-2,ROUGE-L
1040-merged.txt,0.18460329929300864,0.22784810126582275,0.014104372355430182,0.09563994374120957
1004-merged.txt,0.21845571386237925,0.3162393162393162,0.04571428571428571,0.14814814814814817
1018-merged.txt,0.18786856136230184,0.27435897435897433,0.02570694087403599,0.1358974358974359
