{
    "meteor": {
        "precision": 24.97977498677317,
        "recall": 20.2032841803725,
        "f1": 21.356816846029922
    },
    "rouge-2": {
        "precision": 7.743222406132924,
        "recall": 15.996364250911165,
        "f1": 9.049713056362457
    }
}