{
    "meteor": {
        "precision": 18.38100895229696,
        "recall": 10.369130085303953,
        "f1": 13.258723561387555
    },
    "rouge-2": {
        "precision": 4.697986577181208,
        "recall": 4.022988505747127,
        "f1": 4.3343653250774
    }
}