{
    "meteor": {
        "precision": 12.846890658087048,
        "recall": 9.983527227495097,
        "f1": 11.235649151622532
    },
    "rouge-2": {
        "precision": 1.3029315960912053,
        "recall": 4.3478260869565215,
        "f1": 2.0050125313283207
    }
}