{
    "meteor": {
        "precision": 37.037513748460434,
        "recall": 28.879676986298886,
        "f1": 32.4537930548398
    },
    "rouge-2": {
        "precision": 3.0172413793103448,
        "recall": 38.04347826086957,
        "f1": 5.591054313099042
    }
}