{
    "meteor": {
        "precision": 10.50535638458925,
        "recall": 12.752849359271663,
        "f1": 11.52051270966955
    },
    "rouge-2": {
        "precision": 2.666666666666667,
        "recall": 2.371541501976284,
        "f1": 2.510460251046025
    }
}