{
    "meteor": {
        "precision": 15.818917131308725,
        "recall": 21.91173239647884,
        "f1": 18.37338520918044
    },
    "rouge-2": {
        "precision": 6.024096385542169,
        "recall": 6.024096385542169,
        "f1": 6.024096385542169
    }
}