{
    "meteor": {
        "precision": 19.985332362501175,
        "recall": 23.949037930874976,
        "f1": 21.78838479370878
    },
    "rouge-2": {
        "precision": 1.9444444444444444,
        "recall": 11.864406779661017,
        "f1": 3.341288782816229
    }
}