{
    "meteor": {
        "precision": 31.49491946192105,
        "recall": 26.050713863059542,
        "f1": 28.51528735148862
    },
    "rouge-2": {
        "precision": 11.851851851851853,
        "recall": 8.83977900552486,
        "f1": 10.126582278481013
    }
}