{
    "meteor": {
        "precision": 19.890218269421105,
        "recall": 28.166782709743988,
        "f1": 23.315789359683745
    },
    "rouge-2": {
        "precision": 25.71428571428571,
        "recall": 7.59493670886076,
        "f1": 11.726384364820845
    }
}