{
    "meteor": {
        "precision": 20.54186845120841,
        "recall": 12.985655974988447,
        "f1": 15.912277530543552
    },
    "rouge-2": {
        "precision": 5.5045871559633035,
        "recall": 7.317073170731707,
        "f1": 6.282722513089005
    }
}